"","DMA","Q2.2012","Q3.2012","Q4.2012","Q1.2013","Q2.2013","Q3.2013","Q4.2013","Q1.2014","Q2.2014","Q3.2014","Q4.2014","Q1.2015","Q2.2015","Q3.2015","Q4.2015","Q1.2016","Q2.2016","Q3.2016","Q4.2016","Q1.2017","Q2.2017","Q3.2017","Q4.2017","Q1.2018","Q2.2018","Q3.2018","Q4.2018","Q1.2019","Q2.2019"
"1","Aberdeen",340,450,360,394,486,400,286,296,428,338,308,374,618,380,254,304,452,402,206,260,426,414,228,340,458,410,244,270,124
"2","Abilene",486,632,502,588,670,644,534,590,688,636,506,520,722,664,510,614,704,714,508,658,732,594,518,630,788,644,502,664,250
"3","Adrian",428,526,360,420,564,570,366,344,592,564,330,380,594,474,298,338,452,434,242,284,394,400,268,286,496,380,280,250,144
"4","Akron",2306,3008,2530,3000,3628,3350,2384,2834,3844,3446,2462,2752,3702,3444,2282,2710,3464,2852,2238,2438,3302,3138,2234,2412,3292,2998,2048,2142,968
"5","Albany",834,1134,982,1130,1354,1202,876,1162,1402,1408,1052,1328,1470,1646,1072,1210,1358,1118,852,894,1286,1286,928,1068,1328,1240,768,974,364
"6","Albany-Schenectady-Troy",2792,3660,2522,3220,4630,3846,2956,3066,4844,4100,2536,3020,5330,3954,2662,3224,4344,3702,2842,2938,4060,3568,2648,2602,4424,3770,2768,3026,1320
"7","Albertville",316,426,322,418,442,412,294,356,226,6,258,432,432,366,242,292,380,318,238,308,350,290,222,262,282,288,190,240,102
"8","Albuquerque",2796,4072,3420,4010,4958,4590,3502,4232,5312,4612,3480,4360,5068,4260,3030,3792,4408,3976,2944,3652,4574,4082,2952,3522,4436,3836,3020,3104,1238
"9","Alexandria",264,372,326,428,376,424,328,396,430,412,346,354,430,426,270,358,374,330,262,314,320,334,254,324,442,330,274,324,134
"10","Allentown-Bethlehem-Easton",3156,4430,3262,4378,5392,4886,3590,4112,6206,5172,3872,4128,6360,5106,3444,4064,5036,4140,3266,3538,4832,4182,3206,3266,4808,4562,3294,3382,1564
"11","Altoona",318,396,302,314,448,410,360,310,454,450,254,322,490,390,254,222,330,304,256,250,352,322,252,216,332,326,232,240,128
"12","Amarillo",792,1100,908,1188,1316,1108,816,1094,1312,1200,886,1048,1136,1162,842,1078,1092,1092,820,1092,1224,1216,856,1206,1306,1236,1048,1376,410
"13","Ames",254,310,206,290,380,344,194,236,460,316,234,310,472,404,210,240,402,328,202,352,474,476,270,304,464,394,250,384,204
"14","Anchorage",1690,2056,1158,1668,2464,2218,1226,1592,2290,2118,1250,1616,2400,2166,1138,1790,2352,1710,1052,1388,2096,1980,1096,1626,2276,1868,1046,1510,700
"15","Ann Arbor",1332,1820,1188,1362,1948,1864,1200,1242,2136,1844,1122,1280,2062,1738,996,1278,1996,1580,928,1166,1832,1510,806,1042,1898,1598,934,1222,668
"16","Anniston-Oxford-Jacksonville",330,456,402,470,460,466,352,486,460,476,360,556,528,430,324,412,448,352,322,378,418,350,324,424,428,394,296,302,148
"17","Appleton",682,940,710,946,1160,1036,718,868,1206,1002,664,930,1168,1014,616,776,1048,834,652,682,1030,856,552,618,956,896,628,632,334
"18","Asheville",1996,2472,1856,2406,3310,2772,2066,2398,3774,2798,1998,2162,3292,2618,1632,1832,2916,2454,1618,1794,2686,2258,1616,1678,2282,2194,1532,1714,852
"19","Ashtabula",304,392,322,362,446,456,300,322,496,406,312,300,482,414,284,316,472,350,248,244,390,366,236,240,368,374,234,242,120
"20","Athens",634,820,736,894,896,808,534,992,924,836,600,964,1008,842,610,838,750,670,520,774,800,754,500,654,852,754,544,674,244
"21","Athens-Clarke County",902,1130,1068,1638,1526,1256,1180,1576,1596,1262,1088,1548,1796,1302,802,1394,1520,1056,872,1398,1346,1058,784,1368,1314,1124,876,1220,432
"22","Atlanta-Sandy Springs-Roswell",34822,45770,37940,47208,49366,45042,39340,47074,56686,51786,42602,52780,62970,52446,37680,47896,59324,50126,39096,49488,58634,51042,38794,47544,58122,54070,44290,53686,20516
"23","Atlantic City-Hammonton",1290,1782,1362,1958,2072,1990,1586,2146,2394,2454,1712,2306,2808,2630,2002,2296,2394,2158,1808,2220,2168,1992,1740,2040,2228,2068,1622,2188,784
"24","Auburn",186,234,182,208,350,288,146,192,386,314,170,176,418,284,150,216,318,262,212,156,318,246,152,180,296,266,170,156,90
"25","Auburn-Opelika",520,800,656,974,888,778,578,794,920,702,670,992,850,674,560,802,804,558,536,732,740,566,460,788,816,700,502,830,280
"26","Augusta-Richmond County",1790,2492,2026,2866,2906,2674,2126,2622,2936,2890,2372,3014,3142,2826,1844,2458,2788,2410,1936,2346,2736,2332,1924,2278,2522,2370,1848,2320,886
"27","Augusta-Waterville",544,602,362,504,924,770,430,438,1006,786,460,528,956,744,372,440,650,532,310,316,756,554,270,282,680,596,302,258,166
"28","Austin-Round Rock",7020,8214,6158,8348,11156,9652,6192,7778,11096,9458,6298,7108,10272,9698,5976,7704,10042,8776,6256,8890,11726,9724,7256,8812,11784,10184,7486,9470,4054
"29","Bakersfield",2114,3100,2742,2838,3176,3420,2948,3352,3996,3852,2984,3648,4268,4044,2822,3704,3912,3838,2778,3258,3802,3682,2678,3470,3848,3634,2770,3230,1270
"30","Baltimore-Columbia-Towson",7850,10636,8148,10426,14078,12374,9582,10626,16114,13730,11110,12296,17576,13978,10414,10850,15346,12118,9700,11116,14532,12748,10468,11030,15116,13362,10146,10904,5248
"31","Bangor",608,676,476,514,984,788,456,528,1026,816,522,538,1050,790,436,498,842,664,388,434,760,710,354,374,722,708,388,350,190
"32","Baraboo",272,376,306,396,566,454,290,396,584,518,270,370,516,428,260,328,480,348,216,300,440,322,220,262,376,338,222,212,134
"33","Barnstable Town",2288,3114,2220,2848,3614,3382,2260,2854,3976,3504,2188,2416,4362,3456,2154,2542,3446,2756,1822,2118,3022,2722,1720,1978,3156,3200,2004,2498,1238
"34","Baton Rouge",2210,3048,2714,3274,3406,3338,2758,2948,3530,3134,2604,3186,3482,3010,2046,2696,2880,2802,2276,2618,3106,3030,2390,3138,3498,3134,2532,3216,1174
"35","Battle Creek",526,650,536,632,740,756,502,476,806,728,534,514,724,666,436,504,636,576,432,428,616,622,434,396,550,634,402,428,144
"36","Bay City",378,594,440,414,526,482,444,422,616,588,442,452,752,564,432,410,566,476,366,372,518,464,366,312,482,468,326,256,132
"37","Beaumont-Port Arthur",1262,1612,1534,1608,1764,1868,1382,1602,1828,1724,1380,1560,1480,1454,982,1250,1382,1366,1044,1408,1754,1436,1270,1298,1604,1708,1364,1782,546
"38","Beaver Dam",308,408,338,340,478,436,330,392,582,484,286,360,488,448,234,334,424,378,226,320,438,320,242,254,360,398,246,198,120
"39","Beckley",308,378,286,360,462,446,346,238,496,486,300,396,568,438,272,318,446,434,268,314,504,458,292,360,462,446,224,296,124
"40","Bellingham",802,1008,656,1032,1354,1164,700,886,1384,1110,728,940,1516,1004,474,758,1042,936,524,608,1068,1022,560,668,982,954,570,662,362
"41","Bend-Redmond",1192,1466,1068,1488,1788,1794,1032,1288,1992,1700,876,1310,1926,1590,858,1086,1588,1420,786,890,1636,1664,880,1092,1492,1272,720,790,456
"42","Billings",590,852,522,724,928,900,592,686,1008,884,574,666,1014,920,590,830,1022,978,670,810,1158,1050,688,872,1160,1060,682,718,428
"43","Binghamton",690,914,580,686,1128,858,608,688,1120,984,684,692,1278,1058,618,816,1000,824,548,644,996,848,622,580,942,840,622,586,278
"44","Birmingham-Hoover",4428,5560,4704,5768,6768,6070,4412,5780,6348,5576,4424,5878,6884,5496,3908,5498,5920,5246,3884,5318,5854,4950,3718,4710,6056,5164,3720,4992,2034
"45","Bismarck",264,400,292,266,456,496,378,330,470,526,328,418,560,626,422,454,618,572,312,424,656,624,364,498,668,578,442,402,234
"46","Blacksburg-Christiansburg-Radford",504,594,498,782,892,700,478,712,956,704,536,780,964,678,456,628,810,572,446,612,764,596,384,520,742,562,350,492,252
"47","Bloomington",1294,1592,1206,1640,2316,1680,1178,1424,2236,1772,1110,1500,1946,1518,1046,1564,1852,1382,1036,1324,1780,1456,958,1448,1926,1470,942,1408,584
"48","Bloomsburg-Berwick",224,240,160,240,348,302,218,246,298,296,148,336,316,278,162,210,306,250,156,222,302,252,148,192,244,256,180,216,102
"49","Bluefield",272,392,290,338,418,400,268,288,392,390,308,278,410,354,214,226,334,302,180,206,300,266,176,244,302,274,172,218,114
"50","Boise City",2582,3634,2982,3448,4994,4814,3398,3834,5494,4884,3114,4384,5602,4748,3010,3542,5022,4772,3178,2942,4982,4980,3212,3190,4638,4544,3332,3400,1528
"51","Boston-Cambridge-Newton",14146,16964,11736,15616,24232,18394,11486,14488,24822,19112,12042,11836,27526,19668,12618,14518,23718,17364,11124,13232,22644,16812,11632,12800,25006,18894,13124,13534,7842
"52","Boulder",1752,2166,1242,1950,2642,2290,1220,1706,2658,2022,1162,1616,2392,1994,1032,1308,2426,1898,1134,1708,2824,2330,1254,1710,2976,2360,1450,2072,1144
"53","Bowling Green",442,562,442,610,688,660,448,550,712,598,402,484,654,566,296,464,482,502,342,492,620,534,392,526,610,622,460,544,242
"54","Bozeman",486,634,368,544,772,688,396,516,910,750,396,540,762,656,392,508,756,620,334,484,682,656,398,436,716,684,438,464,254
"55","Brainerd",914,752,662,566,1242,852,754,924,1536,890,352,696,1258,752,344,600,980,730,328,580,944,718,318,542,868,712,286,490,226
"56","Branson",622,816,618,860,1020,842,646,786,1042,920,648,854,960,770,460,732,776,604,528,598,716,694,448,622,788,610,550,598,294
"57","Bremerton-Silverdale",836,1158,836,1120,1498,1316,948,960,1478,1178,750,1014,1416,1036,608,742,1202,1250,798,826,1218,1184,730,754,1310,1180,666,684,356
"58","Bridgeport-Stamford-Norwalk",4258,4938,3332,5570,7272,5276,3858,5640,8296,5546,3664,5732,8888,5886,3946,6582,7872,5174,3802,5708,7104,4790,3216,5050,6780,4402,3260,5148,2506
"59","Brownsville-Harlingen",706,1046,1082,1300,1196,1132,1078,1376,1212,1114,1062,1284,1258,1124,854,1034,1000,896,854,1096,1084,974,866,1046,1050,890,816,976,326
"60","Brunswick",462,698,650,732,818,716,634,822,736,676,640,800,810,636,482,730,722,584,382,630,682,620,512,876,820,854,598,864,278
"61","Buffalo-Cheektowaga-Niagara Falls",2724,3602,2334,2932,4222,3690,2462,2584,4374,3874,2630,2886,4842,3956,2676,2812,4108,3494,2348,2554,3812,3512,2254,2310,3712,3670,2410,2224,1160
"62","Burlington",654,874,688,2012,1148,1108,834,1066,1348,1154,852,1054,1214,1278,812,752,1024,1000,818,812,1346,1080,662,894,1044,900,848,786,296
"63","Burlington-South Burlington",848,954,582,824,1280,1060,646,780,1318,1028,662,792,1398,1084,502,692,1078,788,432,522,960,732,470,522,970,866,400,510,232
"64","California-Lexington Park",328,382,302,434,496,522,376,454,634,492,406,486,680,524,356,472,602,490,336,434,580,476,502,458,634,520,372,476,218
"65","Canton-Massillon",1086,1690,1290,1440,1776,1692,1256,1332,1796,1692,1142,1182,1782,1742,1282,1252,1666,1610,1182,1264,1532,1688,1166,1190,1636,1716,1266,1220,574
"66","Cape Coral-Fort Myers",4900,7138,8864,9818,7442,7494,8094,7964,6242,5926,6794,8156,6048,5166,6486,8018,5984,5644,6988,8464,6208,4472,7166,9162,6358,5742,7632,8946,2378
"67","Cape Girardeau",302,388,296,372,436,382,280,336,532,428,288,366,456,342,226,334,430,338,260,304,418,388,272,290,400,338,296,260,106
"68","Carbondale-Marion",358,522,384,500,614,530,384,434,590,532,354,426,560,518,350,424,600,480,366,394,554,460,344,450,522,486,326,376,180
"69","Casper",330,360,244,306,410,456,278,280,406,434,296,376,476,454,328,362,556,402,320,394,500,482,316,374,464,466,308,322,134
"70","Cedar Rapids",1024,1454,1080,1308,1646,1516,1018,1004,1652,1442,1076,1452,1714,1028,980,1096,1400,1338,896,1112,1294,1324,974,846,1308,1342,846,902,512
"71","Centralia",256,346,260,342,468,424,270,318,408,428,284,334,550,320,164,258,326,280,180,192,356,352,212,206,356,398,230,220,86
"72","Chambersburg-Waynesboro",346,562,408,510,626,578,502,506,736,658,476,506,710,652,422,478,640,554,402,468,620,516,428,470,614,522,392,430,194
"73","Champaign-Urbana",796,978,724,1056,1172,942,674,858,1254,956,714,886,1164,908,674,850,1082,888,608,1498,1132,866,592,800,1096,858,554,746,342
"74","Charleston",566,806,618,672,804,820,592,624,948,922,628,620,900,858,622,660,866,738,558,742,800,778,646,662,824,800,578,630,280
"75","Charleston-Mattoon",172,242,172,224,264,234,168,176,210,198,146,186,254,216,148,172,264,212,142,150,204,202,118,180,212,174,124,128,62
"76","Charleston-North Charleston",2542,3260,3158,4370,4378,3880,3188,4054,4830,4268,3678,4884,5392,4664,3160,4998,5226,4544,3522,4886,5296,4230,3834,5008,5400,4530,3756,5140,1862
"77","Charlotte-Concord-Gastonia",8696,11460,9868,13052,14756,13560,10532,13092,15472,13098,9870,12444,15306,12848,8708,11264,14102,11788,8138,9766,11670,10790,7836,9572,12254,10950,8522,10420,3872
"78","Charlottesville",848,1080,818,1410,1488,1294,914,1268,1634,1232,918,1320,1586,1116,682,1316,1362,990,738,1260,1378,1078,738,1354,1454,1060,736,1230,540
"79","Chattanooga",2026,2712,2052,2766,3040,2854,2188,2602,3074,2768,2200,2580,3308,2622,1990,2418,2764,2502,2038,2134,2488,2366,1864,2048,2656,2528,2054,2468,916
"80","Cheyenne",436,526,380,534,632,638,376,438,636,524,368,406,560,546,382,410,530,592,372,420,596,574,376,506,584,544,354,344,170
"81","Chicago-Naperville-Elgin",32778,43744,33698,44082,54086,46152,32224,39750,59482,51844,33380,44302,57572,51188,34366,47656,58438,49766,32770,48044,59310,53104,33402,47232,62764,55950,36316,48014,23038
"82","Chico",624,820,634,790,1000,894,642,742,918,890,630,690,912,862,570,620,902,800,524,548,928,798,510,724,1016,878,742,888,272
"83","Chillicothe",212,242,222,252,296,312,190,182,318,282,182,222,348,292,200,212,286,300,226,234,280,276,194,204,254,230,210,214,82
"84","Cincinnati",8108,11042,8612,11044,13722,11816,8476,10018,13352,11568,7878,9634,12276,10542,7292,9080,11030,9640,6978,8098,9834,9342,6568,6904,9208,9376,7132,6728,2880
"85","Claremont-Lebanon",1242,1498,968,1348,2134,1626,940,1110,2048,1658,964,1262,2174,1516,760,1150,1698,1158,618,902,1532,1256,706,944,1550,1216,638,852,362
"86","Clarksburg",178,200,182,206,272,270,198,190,250,242,146,150,246,268,146,146,250,204,186,156,234,234,172,162,192,238,166,166,74
"87","Clarksville",1436,1962,1672,2146,2244,2028,1650,1806,2224,2098,1694,1870,2262,2028,1550,1840,2086,1834,1424,1730,1874,1584,1432,1670,2010,1810,1394,1574,602
"88","Clearlake",410,506,388,480,474,406,356,416,540,512,286,416,614,582,390,432,558,450,292,392,554,530,364,440,586,478,412,352,202
"89","Cleveland",528,700,714,808,976,846,642,788,1066,778,630,822,902,716,596,748,814,750,580,624,612,694,588,604,726,810,572,618,268
"90","Cleveland-Elyria",6640,8322,6528,8526,10748,9304,6558,7850,10842,9496,6292,7256,10730,9674,6510,7866,9466,8256,6128,7356,9632,8578,6290,6698,9480,8708,6372,6898,3132
"91","Coeur d'Alene",876,1092,744,1264,1622,1326,836,1304,1728,1374,846,1338,1790,1380,850,1422,1830,1368,694,1154,1726,1604,832,1122,1692,1440,788,1050,546
"92","College Station-Bryan",746,910,738,1292,1260,900,662,1290,1166,862,656,908,1088,820,474,826,1016,834,724,930,1216,1036,812,1204,1332,956,772,1406,416
"93","Colorado Springs",3046,4120,3092,4212,5352,4604,3294,4200,5630,4550,2786,3750,5264,4406,2666,3282,4668,4416,2756,2974,4942,4668,3074,3362,5354,5012,3290,3510,1594
"94","Columbia",3170,4460,3676,5162,5460,4834,4054,4408,5810,4956,3926,5068,5580,4616,3362,4506,4916,4242,3414,4720,5016,4302,3508,4272,4906,4402,3122,4194,1562
"95","Columbus",8008,10836,8720,10528,13440,11792,8132,9322,13258,11550,7714,9376,12470,11892,7684,9164,11940,10352,7408,8138,10156,8948,6802,8010,11812,10686,7448,7672,3830
"96","Concord",674,722,570,702,1096,832,522,552,1196,876,512,644,1204,870,468,598,970,750,370,496,934,730,476,448,916,794,378,452,238
"97","Cookeville",388,524,418,542,594,522,432,472,652,512,366,426,610,524,328,400,474,422,356,372,484,436,396,386,502,510,392,456,172
"98","Coos Bay",236,262,210,260,352,290,184,306,364,314,238,296,364,308,172,200,342,302,180,228,320,304,158,224,332,314,184,220,90
"99","Corning",296,392,302,358,508,602,290,330,612,456,252,320,588,462,306,290,388,398,254,264,402,364,266,302,436,408,250,242,132
"100","Corpus Christi",1276,2038,1640,2202,2312,1932,1588,1984,2368,2174,1670,2146,2220,2004,1670,2104,2336,2102,1720,2296,2512,1876,1448,1920,2360,2036,1658,2208,900
"101","Corvallis",230,298,148,264,352,292,200,230,392,310,148,240,328,314,118,212,316,274,150,126,262,264,126,180,260,256,156,172,106
"102","Crestview-Fort Walton Beach-Destin",1490,2086,1792,2504,2492,2250,2136,2440,2962,2914,2406,3124,3004,2522,1754,2404,2540,2108,1866,2410,2552,2020,1828,2492,2520,2292,1940,2296,906
"103","Cullman",310,400,374,408,484,430,356,484,496,382,338,460,438,426,214,382,372,410,250,466,376,450,306,426,386,448,284,450,156
"104","Cumberland",240,356,244,318,428,350,288,278,400,378,256,316,470,348,216,234,344,334,226,244,344,302,204,238,382,302,246,226,108
"105","Dallas-Fort Worth-Arlington",20428,26824,20636,27018,33322,28938,20482,25958,32942,28320,20784,23644,32108,30444,20654,25346,30980,28852,21592,26616,33858,30688,22934,27334,36798,30168,23610,28916,12358
"106","Dalton",306,436,386,434,440,482,292,356,436,366,306,426,404,338,252,304,364,322,278,320,394,348,306,356,396,406,262,308,146
"107","Danville",470,598,492,594,722,690,500,496,730,592,502,564,656,640,360,452,534,514,348,496,568,484,328,466,612,516,372,446,202
"108","Daphne-Fairhope-Foley",1552,2192,2000,2498,2640,2304,1868,2486,2662,2232,1964,2636,2844,2288,1772,2536,2510,2142,1664,2384,2440,2274,1762,2460,2724,2288,1802,2514,914
"109","Davenport-Moline-Rock Island",1202,1622,1274,1346,1804,1812,1332,1234,1872,1712,1436,1320,1960,1866,1414,1440,1920,1714,1310,1414,1854,1754,1400,1388,1738,1622,1200,1172,652
"110","Dayton",3268,4452,3824,4522,6340,4876,3360,3772,5308,4734,3264,3742,5152,4364,3042,3808,4706,4072,3154,3534,4824,4090,2886,3260,4344,4194,2998,2490,1092
"111","Decatur",800,1136,910,1130,1152,1184,598,918,856,538,768,984,1276,1060,680,866,1038,894,692,842,1078,1020,714,756,956,886,606,722,330
"112","Deltona-Daytona Beach-Ormond Beach",3440,5080,5036,5792,5568,5860,5566,6228,6296,5944,5400,6288,6222,5186,4724,5560,5282,5130,4254,5448,5202,4670,4942,5778,5730,5624,5340,6264,1944
"113","Denver-Aurora-Lakewood",14036,19628,13918,14820,21250,23298,14528,11612,17062,15484,9488,11344,17180,17038,10800,10962,17724,17862,11552,12742,19082,17466,11140,13556,20354,16992,11812,15126,7168
"114","Des Moines-West Des Moines",2496,3366,2674,3200,4224,3690,2774,3018,4382,3664,2578,3134,4234,3586,2454,2786,3576,3132,2288,2622,3626,3430,2414,2612,3602,3344,2374,2486,1276
"115","Detroit-Warren-Dearborn",23242,31246,25458,26656,32428,34788,25404,23704,35006,35246,25480,24776,35686,32966,22510,21434,25718,23052,15880,15780,21318,23000,15176,14260,21660,23924,17104,15620,7040
"116","Dothan",520,696,570,738,682,706,482,646,688,712,600,684,764,682,426,636,612,622,460,572,634,592,490,702,780,628,420,590,238
"117","Dover",454,624,598,780,764,798,600,696,974,896,570,752,814,750,652,648,936,864,664,792,858,768,588,740,870,678,564,584,214
"118","DuBois",138,262,162,180,256,210,162,150,256,278,180,158,244,230,150,158,202,174,142,148,204,192,140,134,208,174,138,128,82
"119","Dubuque",288,398,262,278,426,430,236,274,474,386,240,264,420,400,260,282,390,360,230,312,404,324,218,216,328,290,198,188,96
"120","Duluth",1322,1760,1114,1222,1958,1846,1236,996,2292,1782,850,1328,2324,1790,1036,1176,2346,1704,956,1148,2082,1576,902,1062,2192,1746,874,890,528
"121","Dunn",524,832,802,774,924,888,778,804,964,794,674,786,884,830,550,736,816,652,526,666,698,708,538,652,696,620,518,520,204
"122","Durham-Chapel Hill",1414,1816,1462,2368,2592,1880,1566,2342,2636,1878,1470,2018,2556,2064,1434,2204,2676,2066,1400,2058,2488,2062,1402,2058,2468,2052,1448,1906,956
"123","East Stroudsburg",1006,1338,1186,1262,1606,1454,1368,1316,2084,1776,1406,1416,2048,1822,1156,1270,1710,1280,1060,1076,1670,1342,1010,1002,1508,1338,962,1016,500
"124","Eau Claire",504,720,430,550,824,742,462,540,962,804,462,706,884,872,400,596,762,734,390,548,832,668,352,526,734,812,378,436,262
"125","El Centro",260,378,334,336,264,302,254,296,312,352,340,332,308,304,224,288,274,274,264,294,316,264,236,300,288,264,242,276,98
"126","El Paso",1736,2612,2336,2822,3042,2764,2516,3022,2986,3046,2070,3022,2882,2706,2310,2552,2744,2516,2310,2684,2854,2774,2498,2678,2626,2654,2242,2336,920
"127","Elizabethtown-Fort Knox",580,852,682,888,880,944,676,868,1296,1078,750,918,1082,920,586,878,1024,784,638,818,856,780,580,638,752,780,514,626,198
"128","Elkhart-Goshen",592,630,570,656,884,806,488,494,852,694,472,504,732,640,408,438,620,602,374,394,624,630,382,318,510,576,372,372,158
"129","Elmira",180,258,240,218,324,316,228,252,362,304,212,232,376,352,234,254,340,304,212,222,346,312,250,266,408,294,206,226,106
"130","Enid",172,242,230,260,254,256,176,158,240,224,170,208,224,270,168,226,248,252,184,240,280,274,160,196,282,248,158,210,90
"131","Erie",626,880,548,668,1090,1014,614,690,1186,1018,664,636,1152,1008,598,756,1148,928,630,724,1018,966,560,630,1000,1254,690,710,324
"132","Eugene",1006,1356,866,1184,1668,1558,916,1236,1818,1658,970,1398,1924,1630,842,1088,1550,1464,750,920,1592,1582,898,1036,1544,1530,966,884,460
"133","Eureka-Arcata-Fortuna",312,390,270,324,466,404,306,324,480,430,320,356,478,362,168,270,380,324,250,276,412,408,312,358,486,380,286,328,144
"134","Evansville",1010,1428,1158,1324,1540,1462,1100,1134,1382,1422,992,1124,1436,1298,902,920,1166,1114,858,950,1088,1122,906,728,1066,1052,836,786,354
"135","Fairbanks",418,474,214,350,718,540,248,382,592,488,240,312,502,458,202,278,476,356,228,254,482,470,230,370,478,522,250,366,170
"136","Fargo",854,1050,620,810,1234,1142,690,756,1074,982,650,810,1132,1084,744,748,1174,1130,790,886,1350,1234,606,974,1386,1202,650,852,498
"137","Farmington",224,358,244,294,338,356,250,284,348,346,234,274,356,280,230,240,316,266,238,282,382,330,312,318,352,318,210,286,118
"138","Fayetteville",1294,1852,1624,1944,2054,2042,1798,1984,2208,2054,1828,2132,2610,2178,1574,1948,1944,1800,1370,1530,1922,1826,1490,1786,1918,1614,1390,1494,586
"139","Fayetteville-Springdale-Rogers",1938,2528,2168,2816,3370,3196,2308,2624,3350,3026,2236,2726,3326,2784,2050,2302,2712,2418,1976,2274,2630,2718,2060,2324,2654,2764,1962,2254,922
"140","Findlay",216,288,228,312,342,310,240,204,400,330,226,286,380,340,208,280,322,282,222,200,336,276,190,218,342,260,210,252,132
"141","Flagstaff",532,542,360,662,934,588,400,488,792,568,288,436,614,546,220,330,614,454,218,340,620,434,270,318,556,484,248,306,170
"142","Flint",2134,2866,2414,2610,3036,2846,2220,1726,2732,2664,1824,2058,2740,2328,1536,1508,2110,1862,1362,1302,1846,1792,1210,1258,1810,1944,1436,1380,584
"143","Florence",332,524,418,546,584,532,444,510,624,580,424,562,664,544,394,482,616,574,382,506,590,518,418,584,632,546,428,528,166
"144","Florence-Muscle Shoals",414,668,534,616,674,700,540,698,768,660,586,656,814,688,486,566,624,602,454,546,650,612,482,556,626,588,478,526,224
"145","Fond du Lac",314,508,328,430,630,550,370,430,658,540,444,446,596,534,302,392,494,398,252,342,522,430,294,286,458,428,264,218,150
"146","Forest City",346,394,402,454,548,488,438,480,552,482,310,390,548,376,294,320,392,364,210,282,376,338,204,296,338,344,240,266,126
"147","Fort Collins",1520,1874,1386,1758,2410,2052,1264,1684,2412,2054,1344,1626,2372,2150,1274,1528,2278,1960,1216,1700,2370,2148,1228,1562,2604,2276,1436,1796,912
"148","Fort Smith",722,1070,866,1096,1210,1254,932,1118,1268,1134,904,1020,1232,1268,784,1016,1114,966,760,938,1060,1070,756,926,1062,960,856,930,340
"149","Fort Wayne",1582,2078,1564,1858,2416,2186,1658,1646,2464,2222,1416,1640,2258,1982,1430,1472,1880,1714,1244,1318,1586,1790,1222,1062,1434,1616,1230,866,346
"150","Frankfort",300,514,398,466,508,452,326,390,518,426,318,330,476,404,290,282,378,368,248,258,322,298,244,212,314,274,232,234,90
"151","Fresno",2044,2882,2448,2646,2780,3066,2492,2982,3250,3130,2144,2578,3040,2766,2246,2418,2678,2624,2014,2396,2844,2710,2104,2520,2912,2892,2332,2624,1046
"152","Gadsden",256,398,334,380,386,412,328,354,208,28,292,446,440,416,282,340,364,352,272,290,320,318,232,302,348,352,226,280,100
"153","Gainesville",1872,2438,2152,3008,3110,2590,2166,2932,3250,2842,2248,3176,3764,2836,1954,2834,3036,2442,1896,2692,3080,2366,2108,2622,3148,2582,2024,2854,1136
"154","Gettysburg",320,514,384,468,620,484,422,472,708,596,530,582,654,586,430,406,698,472,356,430,536,456,334,310,412,340,246,240,122
"155","Glens Falls",728,904,664,714,1162,1006,636,634,1198,1074,602,704,1346,1080,514,668,1062,898,484,554,884,848,582,538,1008,754,466,532,314
"156","Glenwood Springs",562,712,546,602,702,578,424,530,754,566,412,520,820,538,368,436,620,532,372,452,542,570,318,468,658,520,434,420,194
"157","Goldsboro",216,358,276,356,426,424,326,328,492,392,390,464,452,418,260,308,422,352,262,312,360,308,276,306,402,352,230,340,126
"158","Grand Forks",198,262,152,188,244,262,176,182,324,354,252,210,360,334,202,234,438,358,210,310,474,368,196,326,472,410,188,326,152
"159","Grand Island",164,204,184,166,256,246,146,176,216,220,164,202,208,224,136,164,162,192,120,134,190,218,142,148,224,182,150,142,72
"160","Grand Junction",764,1014,816,944,1276,1128,800,1026,1294,1196,772,880,1140,928,758,926,1204,1002,706,772,1212,1162,734,892,1194,1084,734,800,396
"161","Grand Rapids-Wyoming",3848,4908,3814,4692,6036,5544,3490,3698,5856,5350,3486,3756,5744,5112,3314,3098,4590,4452,2832,2820,4522,4360,2686,2562,4038,4534,2958,2652,1336
"162","Grants Pass",362,482,322,428,586,528,364,412,620,560,428,440,658,508,316,318,470,416,288,354,500,438,344,424,534,438,334,342,170
"163","Great Falls",292,378,260,382,434,398,268,308,496,420,276,332,456,394,244,290,398,356,244,274,362,400,228,262,450,400,280,246,150
"164","Greeley",1258,1544,1194,1594,1996,1922,1260,1470,2132,1898,1364,1774,2192,2066,1452,1754,2246,1898,1364,1714,2292,2214,1690,2038,2586,2468,1814,2334,972
"165","Green Bay",1090,1370,1070,1390,1820,1554,976,1170,1948,1472,924,1310,1762,1408,872,1156,1632,1318,792,916,1618,1210,794,904,1500,1394,802,844,440
"166","Greeneville",238,298,262,306,362,346,262,308,450,308,278,304,338,362,224,270,356,312,212,232,294,272,228,284,358,320,244,274,142
"167","Greenfield Town",266,260,180,194,338,268,206,170,460,298,194,134,430,290,176,204,318,250,138,130,280,218,144,102,286,212,148,144,86
"168","Greensboro-High Point",2226,3020,2448,3362,4008,3252,2650,3146,3936,3362,2592,3222,3888,3286,2274,2742,3474,2892,2280,2702,3286,2666,2168,2440,3236,2636,2022,2410,992
"169","Greenville",516,646,542,850,904,726,626,714,836,784,514,830,836,648,446,594,696,608,380,518,598,534,384,528,614,484,322,428,216
"170","Greenville-Anderson-Mauldin",2796,4128,3340,4492,4984,4486,3514,4752,5278,4844,3556,4480,5086,4282,3170,4236,4882,4418,3364,4308,4536,4228,3586,4332,5032,4452,3520,4178,1852
"171","Greenwood",212,240,242,300,272,270,230,326,306,334,262,328,344,270,212,266,284,272,182,262,282,198,150,244,264,244,138,214,94
"172","Gulfport-Biloxi-Pascagoula",1298,1692,1512,1944,1824,1846,1512,1686,1956,1944,1640,1930,1870,1784,1270,1738,1718,1524,1248,1614,1632,1538,1308,1544,1726,1476,1234,1540,534
"173","Hagerstown-Martinsburg",680,990,810,970,1338,1324,908,1066,1488,1350,1020,1266,1592,1326,902,898,1362,1174,860,1012,1370,1230,930,1138,1506,1188,960,1122,514
"174","Hammond",266,460,394,458,512,528,426,412,540,516,416,512,488,494,398,494,432,388,344,406,424,370,372,436,514,472,412,476,182
"175","Hanford-Corcoran",330,544,452,462,456,484,462,454,422,502,350,474,530,458,336,444,422,458,384,376,536,512,486,514,566,580,452,594,214
"176","Harrisburg-Carlisle",1914,2642,1874,2636,3050,2804,1886,2496,3376,2788,1990,2240,3310,2504,1896,2248,2822,2236,1694,1976,2570,2382,1760,1636,2334,2126,1400,1560,724
"177","Harrisonburg",312,468,300,456,492,494,258,386,602,486,336,410,568,434,300,330,498,382,276,362,372,382,240,286,448,314,232,266,136
"178","Hartford-West Hartford-East Hartford",3974,5052,3592,4610,7100,5666,4088,4892,7870,6336,4194,4564,8454,6394,4160,5032,7076,5172,3800,4512,6742,5490,3794,4322,6728,5194,3740,4126,2188
"179","Hattiesburg",418,546,554,566,650,632,482,544,672,584,462,576,660,630,412,512,630,552,406,546,592,454,396,506,598,468,390,516,170
"180","Helena",342,468,302,468,582,464,256,364,606,456,234,406,586,538,270,400,542,390,266,276,560,428,224,342,566,492,254,252,134
"181","Hermiston-Pendleton",212,238,192,258,336,236,172,220,288,276,196,240,292,266,204,180,230,224,152,178,232,236,156,176,232,214,160,184,66
"182","Hickory-Lenoir-Morganton",1146,1446,1290,1638,1740,1894,1510,1744,2052,1826,1486,1584,1888,1542,1118,1302,1706,1420,918,1238,1396,1356,898,1136,1314,1210,798,914,314
"183","Hilo",528,770,828,912,872,862,914,920,902,930,996,1174,1110,920,1038,1186,1102,1074,1244,1204,1104,1114,1100,1190,1086,1120,1250,1310,476
"184","Hilton Head Island-Bluffton-Beaufort",1214,1752,1668,2174,1946,1820,1572,1936,1994,1758,1456,2108,2450,2288,1632,2222,1880,1740,1124,1994,1940,1592,1552,2056,2020,1858,1678,2142,770
"185","Hinesville",270,404,296,486,440,434,290,468,508,502,424,538,514,484,478,438,536,438,368,500,506,438,440,580,542,576,422,636,202
"186","Holland",442,518,412,450,664,582,358,340,782,558,352,420,746,534,312,370,536,446,272,316,458,446,260,264,466,422,234,266,98
"187","Homosassa Springs",644,1018,1224,1264,1242,1230,1246,1422,1274,1228,1226,1540,1272,1084,980,1228,1048,984,972,1158,1010,964,1026,1254,1156,1086,1052,1266,384
"188","Hot Springs",654,1048,826,1232,1318,1208,834,1090,1324,1098,828,968,1194,1100,882,1050,1210,1048,728,1058,1168,1004,826,1028,1324,1090,852,1008,428
"189","Houma-Thibodaux",310,488,396,504,472,496,424,298,464,410,386,518,488,494,382,488,498,478,386,522,464,490,474,344,540,520,370,520,180
"190","Houston-The Woodlands-Sugar Land",24056,32386,24350,28192,31206,28320,20600,25220,31886,27668,19914,24452,31016,32746,21938,26894,31062,28774,22780,29064,35340,30558,23382,27584,35252,31610,25658,30996,12046
"191","Hudson",356,468,350,436,714,562,446,414,700,472,300,368,792,594,346,386,708,450,346,358,642,572,304,366,630,486,354,362,184
"192","Huntington-Ashland",1022,1304,1088,1172,1508,1464,1014,1106,1596,1468,1152,1270,1646,1458,984,1074,1456,1326,962,1118,1340,1208,894,1082,1270,1232,918,1116,398
"193","Huntsville",2034,2970,2402,3034,3280,3024,2466,2580,1832,242,1770,2646,3280,2716,1854,2344,2782,2396,1770,2384,2714,2310,1826,2026,2426,2046,1604,1852,700
"194","Hutchinson",186,214,214,242,256,238,184,174,306,250,172,172,268,262,220,212,276,228,196,228,296,238,176,220,256,246,224,202,76
"195","Idaho Falls",530,640,550,620,884,812,572,614,920,746,528,730,854,736,374,532,796,732,438,460,648,712,400,374,630,578,360,378,188
"196","Indiana",72,102,142,140,198,166,118,130,220,204,108,90,252,246,154,156,180,198,118,144,246,218,154,136,252,210,136,128,74
"197","Indianapolis-Carmel-Anderson",7636,9710,7616,9892,12644,11104,7428,8326,12796,11108,7258,8714,12594,9992,6912,8050,10594,9228,6510,7404,9910,9026,6364,6470,9938,9548,6686,6244,2740
"198","Iowa City",680,880,550,1290,1126,904,466,1122,1160,902,696,1296,1348,904,776,1258,1318,926,578,1350,1194,864,574,1372,1318,1008,610,1294,540
"199","Ithaca",256,240,112,292,378,226,144,248,438,280,132,250,436,266,174,308,362,244,148,304,402,236,126,264,348,270,172,306,140
"200","Jackson",2450,3282,2810,3408,4066,3824,2804,3204,3896,3318,2564,2802,3892,3452,2456,2926,3558,3232,2282,2910,3458,3074,2434,2726,3378,3132,2202,2530,1000
"201","Jacksonville",6690,9450,8932,11032,11388,11746,10144,11976,13018,11258,10468,12562,12900,11296,8954,11470,10742,9954,7596,9976,10712,9162,8268,10650,11482,10538,8744,11120,4202
"202","Jamestown-Dunkirk-Fredonia",410,440,376,456,558,738,390,220,1586,676,502,458,902,630,378,428,696,548,380,428,666,554,774,366,508,460,266,346,152
"203","Janesville-Beloit",498,714,550,688,908,800,580,588,946,786,474,642,914,800,494,576,868,704,436,476,752,642,426,400,716,788,458,430,262
"204","Jefferson City",546,648,530,686,868,702,558,620,778,736,468,672,782,576,410,578,612,520,414,530,602,530,364,498,604,596,406,452,208
"205","Johnson City",608,786,676,846,1012,980,776,850,1150,904,614,868,1038,896,608,668,912,742,604,684,872,702,630,658,840,816,578,614,266
"206","Johnstown",322,422,320,320,490,384,310,278,510,414,326,292,496,426,276,268,358,340,208,252,412,352,208,224,408,350,212,252,122
"207","Jonesboro",422,606,666,726,890,936,646,668,926,844,640,730,878,856,668,716,744,740,660,802,794,702,576,620,734,786,684,676,244
"208","Joplin",658,948,832,954,1078,1022,750,844,1262,1136,848,1094,1196,1028,786,948,1112,968,752,796,1044,1598,1016,1166,1124,1182,886,894,440
"209","Kahului-Wailuku-Lahaina",522,702,882,848,796,756,932,910,864,882,958,952,820,788,864,1042,936,840,1132,974,918,894,1020,1016,830,770,998,1010,268
"210","Kalamazoo-Portage",1362,1758,1394,1528,2064,1912,1354,1228,2288,1912,1216,1332,2228,1832,1084,1224,1776,1564,984,1174,1556,1624,986,890,1390,1554,998,960,404
"211","Kalispell",644,698,488,742,1038,708,234,400,770,620,356,684,1204,782,404,590,948,708,400,436,904,636,374,550,1032,920,408,456,338
"212","Kankakee",504,842,908,408,534,454,346,350,514,476,310,376,526,444,352,392,518,408,280,346,438,372,300,344,452,410,302,288,148
"213","Kansas City",7966,10470,8392,10236,13086,11176,8216,9188,13000,10798,7478,9500,13602,10290,6814,8714,11012,9360,6644,7908,10598,9620,7356,7810,11274,10150,7200,6930,3792
"214","Keene",356,390,262,338,574,392,242,242,646,420,272,236,612,424,184,288,470,342,170,204,446,398,224,184,464,416,192,222,110
"215","Kennewick-Richland",992,1308,970,1144,1374,1172,784,1038,1284,1246,808,1140,1460,1292,940,1028,1284,1276,776,682,1174,1284,840,778,1108,1140,762,668,320
"216","Key West",496,668,1006,940,768,692,2602,2438,796,766,908,944,742,922,726,984,744,644,754,1034,816,474,726,1042,878,758,952,1136,282
"217","Killeen-Temple",1422,2118,1842,2362,2326,2094,1830,2226,2338,2056,1710,2192,2328,2038,1684,2190,2268,2156,1688,2252,2326,1878,1530,1796,2094,2000,1548,1712,688
"218","Kingsport-Bristol-Bristol",1062,1344,1116,1454,1780,1662,1262,1444,1790,1598,1146,1454,1806,1378,1006,1092,1504,1310,940,1130,1458,1316,986,1034,1360,1436,884,1076,454
"219","Kingston",842,1058,786,894,1460,1208,826,796,1632,1232,804,860,1744,1182,790,948,1306,986,706,808,1346,1066,684,692,1354,1000,676,804,364
"220","Klamath Falls",278,346,202,292,420,400,210,296,378,396,246,294,432,348,210,212,422,700,260,228,408,356,240,318,422,450,256,234,128
"221","Knoxville",3432,4550,3852,5014,5670,5170,3874,4638,5752,4838,3284,4540,5532,4384,3548,3876,4748,4018,2996,3418,4196,3880,3042,3314,4222,3988,2978,3236,1298
"222","Kokomo",272,438,338,452,560,470,346,318,506,522,266,320,454,490,272,336,382,414,230,282,424,370,284,264,356,380,332,218,120
"223","La Crosse-Onalaska",376,530,346,500,640,530,362,390,626,530,350,434,680,528,330,362,522,484,262,294,476,494,292,310,472,496,270,306,154
"224","Lafayette",1010,1364,1242,1448,1444,1244,1112,1358,1476,1378,1190,1484,1528,1506,1122,1342,1430,1300,1086,1330,1508,1326,1232,1558,1654,1482,1146,1412,494
"225","Lafayette-West Lafayette",664,852,588,798,1094,880,646,662,1030,868,624,736,1042,820,490,670,836,700,502,578,856,780,488,496,770,744,474,438,234
"226","LaGrange",208,300,260,296,296,298,222,326,360,290,232,322,352,322,198,248,258,248,194,244,252,232,166,246,290,262,234,272,116
"227","Lake Charles",432,526,548,584,644,560,492,536,582,542,500,532,600,576,416,480,520,390,668,660,748,602,568,604,662,650,556,710,266
"228","Lake Havasu City-Kingman",812,1190,1328,1388,1278,1192,1250,1370,1266,1266,1216,1492,1274,1092,1080,1312,1122,1008,1146,1216,1124,1068,1028,1230,1126,906,1094,1288,432
"229","Lakeland-Winter Haven",1894,3052,2746,3036,3122,3376,3102,3488,3480,3600,2928,3358,3300,2998,2712,3100,2990,3132,2792,2956,3070,2728,2654,3102,3080,3200,3054,3732,1130
"230","Lancaster",1622,2192,1760,2172,2708,2330,1776,1956,2744,2352,1912,1994,2834,2382,1890,1988,2666,2260,1632,1730,2272,2132,1474,1302,1792,1634,1360,1198,580
"231","Lansing-East Lansing",1550,2136,1576,2128,2528,2290,1814,2104,2672,2418,1700,1812,2848,2398,1694,1754,2386,2194,1522,1622,2380,2066,1396,1516,2356,2302,1470,1416,684
"232","Laredo",316,464,464,500,462,490,366,500,494,462,376,518,506,468,442,544,534,516,398,510,526,530,408,494,504,456,392,500,132
"233","Las Cruces",466,792,648,708,744,702,592,818,822,814,542,750,826,684,574,602,662,672,492,572,732,726,520,678,778,694,534,640,210
"234","Las Vegas-Henderson-Paradise",8054,12644,10574,11266,12794,13506,10718,13460,12414,11992,9738,11956,13430,12820,9590,11812,12380,12086,9766,11848,12836,11622,9522,10612,12052,11726,10056,12222,4462
"235","Laurel",128,210,188,278,224,258,168,184,248,234,170,202,250,228,142,184,210,176,128,188,188,190,190,180,202,192,128,154,44
"236","Lawrence",424,570,380,646,784,682,426,632,912,676,432,674,824,590,392,540,676,488,372,524,714,520,332,482,636,482,346,426,234
"237","Lawton",426,582,602,642,698,642,470,544,564,620,510,626,704,552,414,514,644,526,456,502,570,634,444,532,668,530,422,446,180
"238","Lebanon",570,864,700,936,1052,1014,670,782,1120,938,780,758,1134,874,584,726,782,794,522,544,802,600,464,402,478,414,300,318,166
"239","Lewiston",176,226,162,234,258,254,166,176,302,282,200,238,304,246,164,176,274,240,152,174,242,266,158,180,274,220,142,262,84
"240","Lewiston-Auburn",322,428,294,364,562,474,324,366,562,512,328,332,600,418,268,280,430,398,198,248,422,384,242,192,368,432,232,200,88
"241","Lexington-Fayette",2020,2868,2210,2802,3424,2910,2118,2508,3226,2870,1924,2200,2972,2336,1578,1738,2426,2154,1530,1682,2092,2006,1402,1420,2070,2060,1532,1488,650
"242","Lima",390,542,392,508,600,590,392,434,618,546,374,420,582,532,354,392,492,428,282,334,452,398,342,334,394,416,298,274,124
"243","Lincoln",412,634,516,512,684,1410,1142,1146,1322,1234,964,1044,1138,1104,952,932,1072,1080,886,832,1086,1116,946,856,1174,1250,1054,1198,428
"244","Little Rock-North Little Rock-Conway",2254,3218,2738,3620,4092,3964,3112,3856,4188,3672,2972,3808,4200,3680,2808,3488,3724,3258,2728,3226,3716,3272,2546,3098,3630,3296,2420,3232,1238
"245","Logan",402,560,392,518,710,634,412,530,686,586,452,552,604,508,278,392,534,518,276,254,506,456,306,308,550,500,310,372,150
"246","London",184,216,246,210,314,340,258,244,326,322,268,286,312,274,240,182,258,276,170,226,238,242,206,198,238,248,184,226,84
"247","Longview",944,1246,992,1194,1492,1378,1062,1220,1500,1382,1066,1318,1572,1484,850,1154,1398,1434,966,1274,1566,1574,1088,1184,1580,1434,994,1242,496
"248","Los Angeles-Long Beach-Anaheim",26270,35904,30538,33862,37884,39192,28522,34744,39908,37054,26332,33202,37066,34818,24358,30752,35794,33594,24632,28638,35774,31522,23066,30026,36730,34854,26496,30222,12550
"249","Louisville/Jefferson County",4702,6914,5162,6580,8136,7644,5362,6002,8752,7564,5470,6400,8038,7270,4800,5386,6904,5984,4628,4812,6364,6100,4708,4524,6248,6086,4504,4674,1976
"250","Lubbock",956,1354,984,1298,1456,1370,958,1152,1420,1280,912,1094,1220,1242,898,1132,1300,1240,870,1160,1320,1444,1104,1336,1590,1544,1192,1436,422
"251","Lufkin",162,252,202,252,236,236,240,248,292,286,220,226,262,242,182,214,246,190,170,186,242,218,176,188,234,230,134,204,74
"252","Lumberton",152,214,214,240,220,242,178,214,178,252,172,234,236,226,168,266,210,232,100,172,184,144,148,188,216,144,122,160,56
"253","Lynchburg",898,1346,980,1316,1556,1434,1126,1390,1690,1472,1040,1362,1782,1436,960,1182,1518,1316,900,1142,1434,1168,816,1154,1562,1512,1044,1280,490
"254","Macon",816,1144,986,1250,1248,1194,1092,1048,1210,1304,986,1302,1356,1114,842,1052,1110,1028,756,978,1056,852,842,1068,1136,1208,884,1042,356
"255","Madera",464,714,612,796,738,750,594,718,736,784,646,722,822,752,610,626,808,672,546,610,794,754,578,682,842,780,740,706,292
"256","Madison",2084,2738,1854,2814,3814,2984,1702,2566,3806,2798,1704,2734,3722,2814,1596,2520,3450,2456,1520,2188,3322,2608,1372,2102,3238,2592,1574,1946,1100
"257","Manchester-Nashua",1628,1762,1402,1662,2602,2050,1402,1626,2672,2048,1334,1532,3030,2352,1316,1598,2666,2012,1178,1240,2232,2030,1250,1318,2340,1922,1144,1180,560
"258","Manhattan",240,270,238,328,414,282,254,300,426,360,246,422,476,406,230,406,450,358,238,404,492,424,254,466,536,372,270,408,168
"259","Manitowoc",280,344,240,312,498,356,294,308,478,410,264,306,424,390,240,276,324,382,184,202,390,316,196,192,284,318,188,210,92
"260","Mankato-North Mankato",390,438,378,300,564,412,228,268,522,450,264,358,568,400,208,326,500,384,226,292,474,414,216,318,504,496,222,260,178
"261","Mansfield",326,496,438,440,528,484,340,380,586,524,374,342,540,470,314,320,486,394,316,316,436,460,364,330,416,452,326,322,142
"262","Marietta",132,182,140,130,198,168,112,138,176,168,114,138,180,198,90,94,166,158,106,100,160,146,96,88,142,124,106,94,48
"263","Marinette",404,410,324,326,592,496,342,326,652,492,328,398,630,472,214,254,510,384,252,264,454,360,208,234,542,448,248,220,130
"264","Marion",180,288,238,240,292,294,196,176,296,280,232,182,304,266,204,184,244,234,126,178,234,208,172,158,232,222,156,144,84
"265","Marquette",258,316,190,206,414,376,174,200,442,400,190,310,452,308,170,140,362,270,138,192,370,284,136,134,292,330,144,148,88
"266","Martinsville",170,248,312,266,250,266,234,220,248,268,210,232,286,252,154,198,264,232,170,200,210,220,200,222,268,220,112,228,68
"267","McAllen-Edinburg-Mission",932,1372,1188,1494,1456,1284,1164,1264,1310,1314,1194,1438,1402,1382,1068,1234,1230,1228,1140,1480,1468,1478,1216,1550,1448,1322,1370,1616,482
"268","Meadville",302,318,186,204,310,254,184,182,312,280,188,200,340,460,188,166,272,210,158,172,294,238,156,162,310,244,152,132,78
"269","Medford",824,1072,730,872,1198,1008,736,966,1322,1222,884,1092,1396,1136,696,846,1154,1088,628,802,1174,1166,776,904,1248,1150,870,980,416
"270","Memphis",4246,5794,4816,5764,6516,6170,4638,5430,6702,5694,4502,4910,6418,5514,4252,4812,5638,5104,3874,4452,5484,4970,3778,4064,5430,5042,3724,4120,1884
"271","Merced",610,942,824,858,866,884,750,1004,1120,1116,734,826,1102,936,750,836,940,906,736,802,962,926,742,922,1004,1118,870,894,420
"272","Meridian",154,198,142,200,202,172,150,198,208,206,142,182,242,224,146,236,236,198,116,204,222,232,178,208,204,206,152,222,72
"273","Miami-Fort Lauderdale-West Palm Beach",23986,33618,35640,39402,38984,39900,42594,47034,46196,42848,40550,45724,40744,39102,36972,43544,37586,34444,34434,41004,37184,30968,34614,40934,37124,34770,36130,41894,12782
"274","Michigan City-La Porte",424,518,382,476,624,528,450,352,716,624,432,468,682,628,440,458,590,456,386,426,534,452,290,352,530,462,376,292,168
"275","Midland",788,1038,828,928,1108,1150,862,884,1320,1116,908,1110,1312,1298,948,1136,1220,1116,804,866,1194,1022,642,682,1026,1146,770,904,376
"276","Milwaukee-Waukesha-West Allis",4586,5754,4288,5768,7582,6328,4130,5644,7880,6398,4284,6044,7890,6204,3704,5306,7142,5948,3786,5016,7002,6090,3608,4658,6686,5814,3730,4314,2292
"277","Minneapolis-St. Paul-Bloomington",12850,14858,14644,12820,17724,17184,11020,12974,20476,18520,12404,16988,24712,19694,11666,15652,22570,18418,11124,14344,21380,17958,10524,12496,19354,19140,10690,11444,6004
"278","Minot",218,412,336,302,414,432,210,282,394,404,268,302,462,380,310,298,422,342,216,282,454,402,220,280,490,344,228,336,138
"279","Missoula",550,610,366,542,830,668,326,540,928,702,364,544,902,632,376,558,724,582,370,448,784,594,352,386,752,638,332,404,198
"280","Mobile",1362,2084,1884,2412,2270,2094,1704,1798,2104,2078,1892,2248,2398,1994,1414,1866,1916,1626,1330,1706,1794,1690,1318,1638,1678,1540,1272,1560,582
"281","Modesto",1382,1822,1592,1588,2226,1988,1658,1892,2082,2070,1676,1888,2232,2194,1454,1462,1868,1908,1400,1488,1834,1828,1302,1526,1980,2056,1440,1540,590
"282","Monroe",1026,1382,994,1244,1338,1310,944,990,1328,1332,900,1060,1518,1320,908,980,1296,1136,788,938,1136,1064,766,846,1224,1250,770,934,392
"283","Montgomery",1260,1724,1208,1710,1892,1602,1306,1264,1808,1666,1366,1978,1704,1680,1104,1564,1758,1494,1010,1514,1524,1438,1156,1510,1790,1438,1132,1602,596
"284","Morehead City",626,804,850,976,984,878,604,1020,1066,854,632,970,986,730,558,804,752,620,390,694,680,520,442,632,684,432,246,458,236
"285","Morgantown",306,388,306,396,512,406,262,312,522,360,286,366,522,420,256,354,450,426,258,386,538,398,272,328,532,412,288,382,182
"286","Morristown",512,850,642,814,1010,982,706,864,1072,888,720,862,1108,824,640,670,828,678,494,606,702,670,510,594,812,696,500,520,270
"287","Moses Lake",204,264,212,240,334,266,210,196,292,222,188,196,436,230,144,198,292,242,162,162,324,260,162,188,284,288,182,172,136
"288","Mount Airy",132,200,202,230,200,248,240,200,256,224,190,212,248,262,140,194,192,190,126,178,210,168,128,188,162,168,120,164,42
"289","Mount Pleasant",204,200,174,208,294,266,180,152,302,228,168,194,288,262,164,174,234,186,152,132,220,214,120,128,200,210,124,126,70
"290","Mount Vernon-Anacortes",464,576,398,616,742,654,410,508,702,584,400,536,780,606,316,460,658,620,344,374,598,600,316,380,554,590,340,348,192
"291","Muncie",496,682,566,650,802,730,528,516,712,832,518,552,756,664,488,532,576,458,358,398,584,470,366,394,534,502,332,344,182
"292","Muskegon",638,810,652,718,976,944,636,616,918,866,658,618,988,870,584,502,760,732,492,478,756,742,482,448,672,726,532,420,162
"293","Muskogee",200,264,260,278,382,370,220,386,324,310,216,266,292,274,202,220,240,200,210,204,248,234,154,226,210,210,142,198,78
"294","Myrtle Beach-Conway-North Myrtle Beach",3320,4200,4100,5526,5420,5030,4216,5398,5850,5086,4510,6180,5976,5468,4356,5558,5536,5118,4078,6396,5764,5202,4900,6006,5760,5022,4410,6276,2114
"295","Napa",378,500,330,422,536,508,288,448,552,444,300,392,574,780,312,350,524,462,260,308,488,410,300,350,538,454,304,346,174
"296","Naples-Immokalee-Marco Island",2682,3852,5150,5490,4130,3674,4304,5592,3898,3392,4322,5492,3844,3154,4108,5550,3682,3146,4280,5660,3814,2532,3978,5918,3696,3392,4642,5784,1474
"297","Nashville-Davidson--Murfreesboro--Franklin",7708,10698,8886,10710,12426,11326,8762,9718,13252,11958,9234,10634,13554,12200,9218,9960,12472,11672,9414,9888,12332,11584,10200,10876,14368,14436,11110,12690,4824
"298","New Bern",584,736,636,978,990,824,674,776,932,782,624,812,848,704,558,720,820,560,380,534,608,540,426,528,684,474,418,574,182
"299","New Castle",216,346,248,238,336,326,218,250,370,352,222,282,400,410,250,250,322,338,238,246,370,358,232,228,366,320,236,258,88
"300","New Haven-Milford",3004,3900,2642,3660,5128,4238,3180,3918,5994,4702,3058,3992,6562,4954,3416,4206,5552,4006,3222,3540,5056,3516,2520,2896,4144,3330,2314,2830,1426
"301","New Orleans-Metairie",3316,4562,3544,4768,4854,4918,3848,4608,5132,4890,4094,4982,5586,5098,3850,4342,4582,4260,3464,4056,4556,4414,3918,4390,4892,4382,3546,4468,1722
"302","New Philadelphia-Dover",184,288,204,234,336,276,192,222,278,282,196,190,290,310,176,198,274,220,198,188,256,230,196,174,258,282,180,198,84
"303","New York-Newark-Jersey City",43740,55346,37936,58764,73318,58832,41850,54030,76614,63232,48700,60576,87508,68922,47448,62448,76220,58336,47838,58498,79832,64936,48498,61988,84854,71434,53258,66148,28402
"304","Niles-Benton Harbor",698,906,712,872,1150,924,640,624,1198,978,596,720,1082,926,582,682,1012,794,500,588,960,830,540,502,968,940,538,556,320
"305","North Port-Sarasota-Bradenton",3722,5284,6012,7012,5944,5936,6720,7720,6280,5782,6238,7344,5698,5156,5740,7440,5752,5060,6006,6978,5364,4436,5898,7822,5718,5038,6386,7608,2078
"306","North Wilkesboro",164,198,186,208,184,212,190,172,198,192,170,166,178,178,122,134,182,162,122,168,178,166,98,174,228,210,156,264,90
"307","Norwich-New London",932,1272,926,1184,1698,1480,994,1210,1852,1498,1016,1188,2000,1566,994,1222,1626,1274,946,1086,1550,1370,982,1142,1560,1308,892,1074,518
"308","Oak Harbor",432,496,340,468,652,564,350,418,654,536,294,462,692,620,208,338,578,504,262,310,554,498,278,356,540,450,284,314,180
"309","Ocala",1360,2150,2188,2638,2376,2486,2514,2678,2580,2556,2586,3040,2656,2318,2208,2476,2028,2200,1990,2314,2220,1914,2138,2420,2242,2244,2110,2568,854
"310","Ocean City",986,1610,1288,1840,1710,1752,1348,1780,1830,1774,1268,1820,1820,1860,1324,1878,1730,1562,1206,1758,1538,1534,1288,1606,1622,1614,1250,1672,560
"311","Odessa",254,436,348,376,346,416,326,378,424,494,360,490,442,466,376,512,504,474,354,418,490,438,334,322,372,376,334,370,142
"312","Ogden-Clearfield",2476,3066,2564,2834,3802,3710,2662,3024,3888,3652,2622,3244,3676,3198,2084,2234,3062,3092,2120,1830,2908,3092,2136,1928,2816,3056,2230,2204,922
"313","Ogdensburg-Massena",322,438,300,330,504,548,290,300,640,608,330,398,708,520,276,276,516,384,240,244,462,340,190,260,522,408,274,262,148
"314","Oklahoma City",5480,7684,5958,7474,8684,7776,5638,6720,8182,8104,6164,6990,8418,7490,5638,6068,6884,6408,5286,6290,7062,6678,5192,5234,7186,6096,4968,5402,2162
"315","Olean",204,280,178,246,326,316,244,238,400,308,230,218,424,328,242,246,328,294,212,250,248,270,210,176,308,260,162,168,66
"316","Olympia-Tumwater",716,968,710,886,1162,1062,772,864,1406,1102,858,1094,1476,1100,638,792,1274,1188,608,728,1308,1240,700,900,1276,1272,790,766,378
"317","Omaha-Council Bluffs",3556,4630,3624,4398,5634,5010,3312,4010,5490,4858,3338,3930,4946,4480,3468,3626,4540,4284,3164,3242,4466,4162,3114,2944,4672,4574,3204,2802,1480
"318","Opelousas",116,214,174,194,200,184,164,182,208,196,126,162,192,174,126,134,172,188,116,144,156,162,146,152,156,178,154,138,58
"319","Orangeburg",146,234,180,232,236,234,196,210,258,252,192,280,294,228,148,204,200,190,168,202,194,214,184,228,238,252,168,236,118
"320","Orlando-Kissimmee-Sanford",8402,12114,11340,12314,12974,13986,12572,14562,15298,14602,12304,13562,14038,12966,11200,12722,12864,11346,9652,11454,12276,10142,9534,11060,11524,11544,10112,11910,4098
"321","Oshkosh-Neenah",572,766,568,788,942,816,626,666,930,786,506,732,1012,792,450,594,816,718,434,552,848,738,446,528,744,726,384,402,220
"322","Ottawa-Peru",542,646,564,672,856,802,528,536,894,738,496,514,800,668,430,512,714,586,412,462,674,620,358,400,620,580,384,410,238
"323","Owensboro",310,422,342,418,492,464,330,346,506,428,364,292,516,460,300,340,408,384,304,380,426,462,294,370,478,470,338,340,154
"324","Owosso",394,384,336,504,486,546,398,370,546,588,384,374,572,508,336,292,382,358,238,250,338,298,216,196,302,408,172,222,86
"325","Oxnard-Thousand Oaks-Ventura",1926,2686,2212,2516,2880,2836,2244,2760,3384,2952,1984,2844,3342,2972,1930,2628,3170,2754,2010,2510,3322,2788,1966,2598,3270,2976,2184,2584,1178
"326","Paducah",276,342,298,382,422,362,300,364,488,434,304,306,480,368,234,310,350,338,258,284,388,378,298,304,374,354,262,302,106
"327","Palatka",228,350,338,390,354,432,356,440,442,408,390,408,440,376,284,334,298,284,212,256,320,240,216,276,300,252,224,286,96
"328","Palm Bay-Melbourne-Titusville",2184,3408,3344,3994,4044,4212,3964,4294,4114,3958,3580,4076,3896,3408,3322,3662,3576,3166,3034,3422,4042,3608,3476,4520,4644,4180,3800,4606,1420
"329","Panama City",1098,1550,1562,1968,1828,1984,1594,1882,2136,1958,1676,2154,2294,2146,1518,1928,1978,1718,1460,1776,1868,1658,1508,2090,2208,1968,1014,1912,688
"330","Parkersburg-Vienna",244,306,242,270,346,306,246,258,314,300,232,200,320,274,160,190,250,248,190,200,288,278,202,190,280,266,188,196,84
"331","Pensacola-Ferry Pass-Brent",1748,2416,2180,2784,3064,3066,2794,2522,3494,3134,2720,3574,3698,2846,2180,2828,2976,2766,2220,2662,2846,2596,2372,2764,3220,2778,2150,2640,1056
"332","Peoria",1432,1876,1382,1584,2108,2148,1322,1284,2350,2000,1366,1480,2170,1994,1482,1616,2166,1930,1438,1606,2124,1986,1344,1776,2208,1924,1338,1502,724
"333","Philadelphia-Camden-Wilmington",17474,23528,18482,26000,30606,26490,19634,22986,34386,27798,19932,25114,33500,26050,20116,25156,30700,23922,19438,24476,29836,24944,20524,22670,29918,25094,19636,22390,10266
"334","Phoenix-Mesa-Scottsdale",15082,23358,23890,25026,25992,25416,24510,28898,26780,23318,21994,26354,24232,22592,20726,27096,25512,22802,22470,27108,25534,22932,21566,26454,25598,22618,22238,26554,9068
"335","Pine Bluff",120,198,188,182,212,218,188,208,216,210,186,190,230,206,168,158,182,182,128,176,148,184,126,144,150,142,138,138,54
"336","Pinehurst-Southern Pines",444,592,594,828,782,674,588,752,916,766,652,796,914,852,658,788,998,746,600,788,802,654,612,774,918,608,540,780,328
"337","Pittsburgh",6218,8444,6116,7194,10098,8568,6230,6704,10292,9206,6356,6714,10966,10788,6638,6964,9320,8250,6146,7356,9928,8918,6092,6884,10118,8626,6218,7062,3304
"338","Pittsfield",646,722,468,532,1008,834,506,506,1224,792,482,502,1064,734,434,500,840,706,372,414,896,660,370,396,766,706,426,448,244
"339","Plattsburgh",216,236,198,194,326,238,158,172,308,232,146,176,330,288,140,154,304,190,136,152,244,208,132,136,254,190,112,100,58
"340","Pocatello",374,474,330,452,618,492,360,550,650,514,316,554,636,448,256,432,578,460,264,332,560,466,250,290,450,388,294,264,108
"341","Port Angeles",344,348,198,322,510,440,306,340,548,366,274,324,496,386,218,282,442,410,182,306,466,422,216,276,370,402,234,180,114
"342","Port St. Lucie",2358,3498,3466,4202,3738,3934,4204,4560,4064,3800,3730,4302,3954,3794,3282,4396,3440,2754,2542,4104,3546,3324,3478,4128,3634,3438,3510,4322,1324
"343","Portland-South Portland",2638,3436,2186,2766,4480,3640,2514,2824,4852,3896,2446,2706,5136,3742,2102,2380,3956,3108,1810,1956,3670,3286,1874,1872,3726,3312,1956,1876,1002
"344","Portland-Vancouver-Hillsboro",8072,10422,7518,9484,12730,12412,8046,9714,13686,13034,8522,10456,13492,12840,7140,8586,12356,12372,7094,7980,12974,12216,7862,8994,13728,13262,7854,9572,4572
"345","Portsmouth",170,220,196,184,230,220,160,190,288,258,206,216,276,246,128,138,172,198,134,144,182,174,166,144,182,214,162,174,60
"346","Pottsville",538,726,634,680,926,986,712,582,950,952,732,616,1006,926,752,556,590,542,424,450,588,534,414,382,522,476,336,346,168
"347","Prescott",1194,1558,1338,1460,1892,1730,1238,1618,1868,1620,1280,1546,2024,1590,1080,1456,1788,1460,1100,1336,1830,1394,1096,1394,1824,1696,1212,1386,660
"348","Providence-Warwick",4908,6416,4594,5780,8242,7014,4776,5942,8726,7570,5146,5030,9600,7410,5046,5802,8028,6740,4734,4528,7492,6570,4650,4764,8320,8050,5406,5172,2784
"349","Provo-Orem",1740,2418,1756,2262,2928,3036,2292,2438,3410,3030,2226,2696,3272,2716,1614,2142,2834,2608,2228,2186,2988,3454,2360,2488,3256,3146,2646,2524,1098
"350","Pueblo",746,1046,794,952,1162,1084,786,820,1130,1004,702,788,962,944,554,646,844,888,640,606,776,896,682,716,926,908,700,692,320
"351","Punta Gorda",996,1384,1916,2090,1728,1780,2038,2236,1756,1680,1954,2196,1524,1428,1708,2072,1490,1378,1702,1990,1480,1152,1776,2086,1578,1320,1846,2166,588
"352","Quincy",204,248,190,236,258,282,214,190,272,294,180,194,260,256,194,198,272,266,182,240,278,232,196,180,262,240,202,190,92
"353","Racine",624,922,662,894,1078,928,640,808,1178,996,630,812,1116,960,640,726,1098,886,600,708,960,866,520,580,878,928,626,590,306
"354","Raleigh",4144,5700,4396,6320,7224,6328,4646,5944,7954,6332,4960,5834,7280,6360,4524,6138,7858,6560,4836,6436,7680,6724,4914,6332,7884,6658,5142,6546,2744
"355","Rapid City",570,878,548,796,1034,886,552,674,1072,840,650,830,1114,1022,626,758,1026,920,560,734,1158,950,686,730,994,914,588,732,322
"356","Reading",1318,1852,1402,1822,2278,2064,1580,1600,2382,1980,1436,1616,2328,1804,1346,1604,1932,1550,1220,1344,1836,1564,1118,1230,1650,1466,1124,1080,520
"357","Redding",514,776,656,754,778,864,590,752,926,886,684,862,1060,868,618,736,910,738,534,640,928,878,600,782,990,842,662,686,398
"358","Reno",1624,2126,1452,1622,2384,2354,1734,1960,2612,2398,1446,1712,2602,2320,1550,1806,2844,2542,1578,1710,2706,2194,1502,1776,2518,2596,1770,1740,904
"359","Richmond",4584,6084,5070,6218,7316,6642,5070,5718,7518,6722,5166,6266,7994,6414,4466,5376,6770,5690,4260,5374,6554,5906,4506,4940,6442,5848,4396,5302,2274
"360","Richmond-Berea",496,634,586,718,908,882,646,708,972,880,608,660,838,706,492,432,748,690,488,410,536,520,384,332,434,408,300,302,98
"361","Riverside-San Bernardino-Ontario",15204,21342,21342,20526,20866,22782,20090,22446,24352,25626,19936,22680,23348,21466,17750,20526,22124,20526,17246,19068,21822,19924,16832,20266,23242,21328,17784,19072,7512
"362","Roanoke",1148,1576,1242,1748,1996,1754,1302,1516,1956,1708,1258,1656,2226,1638,1198,1298,1812,1468,1000,1388,1568,1326,984,1246,1594,1334,1080,1086,482
"363","Roanoke Rapids",126,210,170,234,222,188,172,170,196,192,128,208,188,158,106,116,182,116,118,160,188,122,86,136,152,150,86,138,60
"364","Rochester",4322,5280,3992,5214,6784,5480,3750,4508,6694,5708,3804,4606,7442,6018,3688,4784,6654,5094,3610,4080,5682,5034,3484,3650,5722,5120,3268,3494,1796
"365","Rockford",1656,2146,1998,1994,2696,2740,2006,1862,2994,2574,1896,1996,2750,2464,1506,1754,2382,1916,1446,1676,2110,1908,1376,1362,2044,1942,1430,1240,636
"366","Rocky Mount",274,436,380,490,542,518,412,422,560,562,436,452,636,444,320,472,484,502,300,320,340,418,258,352,544,308,258,346,136
"367","Rome",314,462,422,538,522,538,358,496,480,520,418,498,520,502,342,402,396,424,282,372,472,470,372,474,464,508,386,554,170
"368","Roseburg",348,458,326,424,470,462,274,424,558,472,330,524,560,512,296,364,528,422,324,340,438,492,338,390,538,504,346,380,140
"369","Russellville",228,360,270,376,414,422,306,432,424,434,334,374,430,316,216,284,270,256,210,314,312,248,196,278,380,346,214,346,92
"370","Rutland",362,448,292,336,508,470,260,252,568,456,286,310,554,432,242,324,380,348,170,186,360,340,176,202,396,332,184,258,114
"371","Sacramento--Roseville--Arden-Arcade",7492,9808,7884,8806,12792,11434,8778,10508,12966,11852,7544,10156,12800,11250,7136,7976,11308,10314,6670,7046,11072,10490,7386,8420,11876,10956,7266,7490,3802
"372","Saginaw",770,974,752,922,1172,1114,834,820,1256,1110,858,836,1206,1070,728,702,1056,942,608,620,862,892,600,600,738,808,570,472,194
"373","Salem",1632,2362,1576,1984,2492,2394,1652,2082,2736,2646,1734,2108,3018,2616,1758,2062,2704,2580,1742,1936,2752,2724,1748,1968,2892,2810,2002,2246,908
"374","Salinas",768,1062,838,984,994,960,704,920,1030,986,726,784,994,902,632,848,944,944,680,732,992,836,612,790,880,898,634,790,332
"375","Salisbury",2112,2872,2194,3186,3416,3068,2462,3070,3998,3306,2676,3308,3890,3390,2236,2996,3422,3082,2158,2974,3272,2918,2282,2956,6368,2830,2066,2738,1008
"376","Salt Lake City",3820,5384,3976,4572,6398,6614,4564,4996,6832,6498,4968,5678,6636,5802,3750,4200,5498,5150,3536,3240,5402,5632,3966,3890,5316,5654,4116,3928,1712
"377","San Angelo",326,452,372,348,374,454,354,452,508,508,378,466,544,486,372,448,480,460,322,384,546,452,464,454,508,464,346,428,192
"378","San Antonio-New Braunfels",6528,8712,7124,8746,10534,9424,7368,8736,10944,9868,7334,8708,11514,10328,7738,10148,11576,10404,8100,9820,12360,11232,8522,10588,13022,11604,9238,11632,4514
"379","San Diego-Carlsbad",8146,11724,9674,11018,13250,13424,9954,13322,15230,13842,10408,12584,14270,12050,8716,11012,12714,11758,8468,10190,12090,10998,8372,10792,13080,12994,9826,11322,4536
"380","San Francisco-Oakland-Hayward",10002,13526,10082,11260,15522,15958,9796,12054,15578,15218,8204,10862,14316,14078,8924,10824,15324,14052,8592,9976,14554,12386,7950,10772,15050,13820,9092,11344,4978
"381","San Jose-Sunnyvale-Santa Clara",3564,4578,3424,4004,5548,5556,3008,3910,5328,4852,2678,3472,5010,4658,2830,3886,5398,4436,2750,3298,4708,3594,2536,3442,5272,4756,2966,3880,1844
"382","San Luis Obispo-Paso Robles-Arroyo Grande",954,1252,942,1110,1340,1510,952,1264,1502,1200,872,1140,1446,1182,742,1088,1270,1018,762,998,1384,1142,802,1076,1272,1086,818,992,494
"383","Sandusky",404,480,382,472,614,536,374,380,622,442,456,404,628,572,390,474,482,500,268,372,530,472,314,358,498,428,322,372,152
"384","Santa Cruz-Watsonville",612,872,616,684,982,872,532,668,918,830,456,700,930,766,432,572,862,710,436,482,824,718,474,606,868,828,464,508,316
"385","Santa Fe",620,766,572,758,1034,926,590,672,1036,822,562,638,1010,786,518,586,994,806,450,558,796,740,424,532,744,764,462,506,228
"386","Santa Maria-Santa Barbara",972,1252,1016,1250,1376,1336,868,1362,1416,1298,1004,1268,1508,1312,944,1226,1418,1248,900,1176,1542,1384,884,1362,1704,1558,1216,1330,600
"387","Santa Rosa",1314,1604,1172,1358,1764,1698,1062,1352,1918,1640,1022,1352,1924,2374,1046,1128,1788,1336,958,906,1648,1466,1046,1190,1838,1758,1176,1172,636
"388","Savannah",1460,1818,1778,2108,2286,1994,1826,2438,2428,2208,1870,2578,2750,2476,1864,2708,2758,2448,1842,2436,2652,2208,1942,2726,2814,2304,2162,2582,954
"389","Scranton--Wilkes-Barre--Hazleton",1554,2138,1526,1944,2542,2286,1618,1650,2672,2564,1826,1786,3144,2392,1948,1776,2066,1824,1378,1410,2062,1818,1422,1324,2096,1784,1228,1270,650
"390","Searcy",194,268,180,234,370,292,224,280,332,300,224,244,354,266,170,264,282,244,218,218,272,250,210,224,298,258,168,248,90
"391","Seattle-Tacoma-Bellevue",9068,12748,9262,11484,15400,14602,11092,11632,16984,15910,10348,13118,18130,14642,8464,10920,16762,14980,8480,9730,16240,15536,9244,10510,18014,16838,9964,11116,5306
"392","Sebastian-Vero Beach",916,1312,1542,1656,1434,1420,1658,1728,1364,1232,1430,1616,1786,1380,1238,1710,1330,1290,1314,1628,1508,1090,1360,1982,1578,1542,1646,1982,576
"393","Sebring",424,598,670,644,600,598,638,662,622,634,636,684,582,508,504,616,514,482,486,546,514,400,446,562,530,520,526,696,188
"394","Seneca",286,448,358,534,520,522,378,592,628,476,368,570,578,484,300,528,546,444,360,490,454,398,318,450,536,462,356,512,202
"395","Sevierville",908,1252,1170,1490,1650,1520,1228,1438,1714,1368,1054,1370,1702,1288,938,984,1386,1184,848,1108,1192,1094,788,1024,1134,996,812,902,368
"396","Shawnee",204,320,276,284,396,542,412,386,294,306,250,224,282,252,196,196,240,256,172,198,270,234,192,200,266,280,200,190,60
"397","Sheboygan",424,548,400,486,662,568,372,458,620,504,338,416,564,420,306,334,506,400,214,282,472,450,270,284,426,414,274,284,114
"398","Shelby",274,426,408,496,462,460,364,410,434,436,374,424,344,364,234,330,308,298,220,256,318,326,258,248,372,278,164,258,84
"399","Sherman-Denison",404,622,488,666,654,644,482,596,778,596,440,464,580,596,444,500,678,550,386,516,660,620,438,490,700,666,518,628,228
"400","Show Low",402,418,268,342,610,448,284,378,722,404,288,376,666,392,252,422,560,406,228,314,576,454,258,346,590,514,274,366,186
"401","Shreveport-Bossier City",1322,1612,1356,1792,1942,1790,1340,1654,2128,1798,1470,1742,1922,1866,1318,1704,1756,1596,1344,1694,1906,1660,1446,1698,1934,1666,1338,1742,602
"402","Sierra Vista-Douglas",426,630,628,736,718,662,656,670,696,594,592,626,642,604,486,538,558,550,534,582,578,600,504,554,546,510,460,512,162
"403","Sioux City",402,618,472,482,710,588,506,432,700,644,436,388,596,614,374,390,524,500,378,396,592,462,308,356,524,502,404,324,166
"404","Sioux Falls",880,1246,900,1112,1472,1308,884,910,1556,1346,862,1122,1502,1302,744,908,1494,1438,932,1056,1594,1512,1010,1134,1550,1642,988,938,560
"405","Somerset",466,694,510,610,816,770,556,532,852,666,480,536,742,764,366,440,720,634,430,484,630,556,370,488,644,568,340,416,218
"406","South Bend-Mishawaka",1270,1664,1358,1574,2018,1874,2234,1260,1928,1640,998,1222,1962,1510,1006,1062,1482,1256,900,1034,1464,1348,908,768,1308,1318,852,882,374
"407","Spartanburg",1096,1506,1310,1652,1938,1676,1366,1778,1936,1894,1540,1756,2026,1838,1256,1848,1992,1862,1508,1808,2106,1980,1516,1966,2210,2016,1660,2032,774
"408","Spokane-Spokane Valley",2286,2928,2028,2842,4238,3618,2136,2848,4382,3554,2188,3218,4276,3530,2046,2802,3760,3184,1916,1994,3956,3438,2084,2162,3652,3354,1826,1856,1120
"409","Springfield",4706,6386,4684,5662,7832,6876,4662,5316,8230,6782,4638,5656,8142,6518,4296,5132,6964,5916,4336,4734,6666,5902,4092,4378,6400,6016,4302,4580,2052
"410","St. Cloud",670,722,652,634,826,712,540,618,948,782,556,876,1070,792,436,784,952,762,496,690,1028,868,446,650,1010,938,454,590,302
"411","St. George",1104,1438,1368,1888,1734,1818,1574,2240,1910,1910,1732,2156,1918,1744,1454,1714,1686,1470,1338,1644,1548,1526,1304,1728,1720,1606,1646,2048,692
"412","St. Joseph",474,582,506,496,654,630,474,468,716,600,402,614,682,850,496,506,628,516,436,448,542,536,408,422,604,436,316,246,128
"413","St. Louis",10352,13542,10794,13864,16010,14388,10230,11784,16048,13928,9908,12920,16292,13146,9438,11734,14848,12364,9250,11482,14832,12706,9498,10648,14226,12776,8674,9134,4406
"414","State College",358,418,278,406,554,378,230,352,534,442,260,374,540,406,230,404,450,310,220,318,480,346,228,342,466,324,222,338,158
"415","Statesboro",172,220,170,298,238,208,206,316,302,220,184,298,362,250,182,270,274,228,140,250,304,232,224,300,302,246,210,278,84
"416","Staunton-Waynesboro",558,782,548,652,854,750,556,652,1034,762,576,722,640,574,400,434,556,478,336,456,554,452,336,340,502,420,296,352,168
"417","Stevens Point",184,216,144,204,236,250,172,142,296,212,108,188,300,198,112,150,268,166,120,146,222,226,106,118,250,198,110,94,68
"418","Stillwater",224,256,186,362,386,248,188,260,370,260,160,258,318,252,196,284,338,232,190,290,342,228,202,324,336,300,230,338,106
"419","Stockton-Lodi",2092,2930,2538,2332,3064,2896,2280,2620,2936,3060,2124,2394,2946,2854,2088,2042,2624,2626,1914,1890,2650,2644,1968,1990,2822,2834,2018,2194,916
"420","Sumter",296,360,366,502,454,468,376,508,458,516,408,456,516,456,318,422,452,402,290,384,436,372,268,360,394,352,272,368,126
"421","Sunbury",224,272,214,260,314,290,226,232,276,304,214,218,316,338,224,212,246,254,174,174,256,256,216,178,254,236,168,226,94
"422","Syracuse",1888,2516,1632,1930,3216,2556,1768,1932,3472,2786,1892,1980,3722,2866,1902,2004,3266,2610,1792,1946,2910,2408,1720,1644,2820,2412,1540,1614,874
"423","Talladega-Sylacauga",288,282,272,360,330,312,184,210,292,272,210,270,270,254,166,202,218,222,136,176,184,186,144,192,202,230,158,204,72
"424","Tallahassee",1060,1290,1058,1568,1618,1544,1290,1614,1896,1602,1318,1678,1924,1592,1200,1686,1868,1426,1156,1512,1810,1442,1218,1632,1938,1690,1178,1680,682
"425","Tampa-St. Petersburg-Clearwater",10156,14578,14288,16498,16742,17740,17036,19426,19002,21540,17494,19942,19170,16790,15478,19038,18328,16434,15680,17538,17624,14264,15076,18046,18420,16586,16448,19166,6176
"426","Terre Haute",458,652,574,616,838,814,520,510,836,706,536,610,858,636,456,516,698,630,460,536,664,610,432,442,590,554,434,452,166
"427","Texarkana",268,422,344,420,446,470,340,448,422,430,326,418,418,406,266,348,310,296,288,292,388,426,286,366,480,462,360,408,168
"428","The Villages",242,358,402,406,396,370,326,404,402,384,356,468,460,422,422,480,516,462,382,524,464,410,430,562,498,452,446,526,164
"429","Toledo",1936,2376,1960,2336,2952,2608,1878,1972,3340,2764,1972,2104,3048,2548,1778,2134,2760,2310,1756,1998,2504,2358,1700,1878,2554,2368,1706,1622,830
"430","Topeka",824,1156,876,1080,1350,1282,916,960,1352,1196,920,1040,1368,1220,898,938,1222,998,812,962,1174,1072,752,862,1094,1022,724,696,350
"431","Torrington",1104,1310,972,1218,1910,1482,908,1254,2162,1536,1032,1200,2256,1580,924,1200,1790,1242,808,1018,1484,1110,704,828,1344,1036,696,818,446
"432","Traverse City",946,1116,712,814,1614,1268,738,672,1608,1232,712,784,1678,1190,666,712,1376,1022,562,686,1346,1024,530,568,1292,1154,616,534,374
"433","Trenton",1126,1470,1054,1644,2040,1694,1094,1408,2272,1692,1136,1570,2218,1524,1166,1744,2162,1468,1106,1632,2038,1538,1266,1424,2122,1664,1148,1624,778
"434","Truckee-Grass Valley",774,970,648,814,1064,1004,716,864,1264,1042,536,818,1004,882,510,640,1116,876,548,548,976,862,528,604,1166,1012,632,674,410
"435","Tucson",2946,4408,5180,5322,5220,5014,4906,5992,5344,4968,4740,5946,5306,4568,4456,5548,4772,4314,4354,5032,4770,4402,4198,5114,4718,4122,3970,4642,1540
"436","Tullahoma-Manchester",306,414,360,424,516,462,344,402,498,406,370,412,562,446,264,362,422,428,330,336,442,396,306,342,440,420,358,348,148
"437","Tulsa",3638,4768,4134,5146,5586,5214,3898,4978,5718,5456,4028,4894,5178,4734,3748,4214,4936,4302,3592,4354,5034,4606,3710,4334,5038,4574,3480,4156,1574
"438","Tupelo",332,440,424,514,494,520,334,442,458,470,372,422,536,472,320,404,366,394,278,328,402,386,328,400,422,440,256,336,122
"439","Tuscaloosa",766,956,822,1206,1182,988,752,938,1150,1030,826,1186,1168,968,654,1024,946,842,682,756,994,760,630,844,948,808,652,844,310
"440","Twin Falls",348,428,380,474,646,564,458,572,670,582,422,504,618,510,332,420,548,510,314,400,546,530,306,362,520,448,312,402,138
"441","Tyler",678,1072,788,1046,1272,1136,750,950,1154,1138,756,950,1266,1160,832,1080,1272,1132,828,1160,1384,1250,932,1094,1402,1116,942,1062,448
"442","Ukiah",244,318,218,280,398,316,232,334,370,288,218,282,396,536,174,278,406,264,150,266,342,294,168,284,362,352,220,256,126
"443","Urban Honolulu",1842,2446,2164,2422,2522,2454,2418,2682,3104,2902,2392,3030,3168,2968,2442,3032,2996,2678,2452,2952,3232,2972,2586,3102,3284,3138,2848,3304,1194
"444","Utica-Rome",838,992,630,782,1314,1064,746,736,1282,1208,734,864,1464,1204,682,782,1184,988,676,752,1292,1158,642,734,1200,1194,706,574,312
"445","Valdosta",418,498,400,540,592,576,458,550,552,572,486,604,562,506,380,506,558,492,426,546,548,486,344,496,558,440,384,516,188
"446","Vallejo-Fairfield",1110,1374,1114,1204,1230,1456,1166,1246,1740,1718,1208,1550,1926,2234,1126,1168,1664,1608,1006,1132,1590,1542,1050,1306,1766,1632,1214,1232,592
"447","Victoria",228,288,236,306,356,362,268,294,344,364,278,318,304,298,214,326,348,322,270,310,356,310,214,224,256,252,200,244,70
"448","Vineland-Bridgeton",476,758,576,726,934,788,660,742,852,810,696,850,858,864,736,908,796,776,738,806,974,894,762,710,760,736,616,652,232
"449","Virginia Beach-Norfolk-Newport News",6062,8072,7344,9394,9902,9380,7590,9436,11060,9758,7964,9962,12212,10464,7248,9606,11108,9886,7358,9612,11340,9968,7922,9742,11718,10520,7756,10088,4312
"450","Visalia-Porterville",932,1402,1292,1318,1390,1484,1154,1452,1516,1490,1044,1276,1432,1306,986,1264,1302,1300,1096,1194,1342,1342,1122,1254,1378,1364,1180,1324,534
"451","Waco",812,914,860,924,1000,918,764,864,1072,916,636,838,906,866,524,696,710,728,510,606,802,812,664,702,944,908,710,812,314
"452","Warner Robins",800,1144,950,1214,1328,1166,1048,1306,1372,1316,1224,1464,1578,1192,958,1050,1272,1266,994,1136,1276,1056,998,1208,1302,1218,784,1238,434
"453","Warsaw",278,350,258,420,450,438,450,254,526,408,250,276,450,366,230,284,380,296,200,220,382,330,228,254,388,298,192,220,126
"454","Washington-Arlington-Alexandria",17864,22974,17724,22362,31130,26908,18798,22194,35078,28700,20400,24334,35996,29412,19224,22462,31944,24518,18312,23166,31858,26140,19198,24138,34366,26902,19184,21694,11454
"455","Waterloo-Cedar Falls",470,762,556,548,810,774,500,458,932,762,616,706,942,788,550,662,850,732,558,610,842,736,496,534,724,660,442,460,254
"456","Watertown-Fort Atkinson",346,500,294,498,634,494,340,410,628,474,378,442,610,516,320,382,600,460,248,360,448,340,214,262,420,436,198,238,144
"457","Watertown-Fort Drum",428,482,282,388,648,504,302,340,738,532,306,370,820,538,210,356,722,524,308,362,602,524,298,374,678,546,556,648,382
"458","Wausau",354,598,378,516,652,594,456,454,776,510,368,520,634,580,364,436,666,432,280,370,540,440,288,340,528,494,272,302,150
"459","Weirton-Steubenville",246,346,308,328,372,340,280,254,404,374,316,296,352,376,268,296,330,366,218,286,370,334,268,246,336,348,236,232,114
"460","Wenatchee",372,428,282,400,598,482,284,564,646,574,366,482,702,834,338,400,618,540,266,296,552,522,338,374,660,666,388,396,222
"461","Wheeling",200,312,224,264,356,346,266,250,406,358,246,240,408,388,250,260,370,408,266,336,376,372,248,254,308,340,236,238,102
"462","Whitewater-Elkhorn",586,794,580,816,948,756,472,718,978,798,506,764,1036,758,388,654,838,678,368,624,880,680,362,550,762,710,364,528,246
"463","Wichita",2184,3258,2378,2872,3454,3094,2292,2574,3318,3006,2358,2752,3126,2970,2050,2408,2824,2622,1938,2176,2724,2760,1914,2008,2662,2360,2090,1950,800
"464","Wichita Falls",476,770,516,708,718,632,472,590,746,718,536,892,910,746,488,570,638,618,446,520,588,564,386,516,642,540,414,452,192
"465","Williamsport",284,306,256,258,458,400,296,262,426,426,276,292,432,332,260,314,462,402,230,264,426,372,222,292,384,326,240,264,120
"466","Wilmington",1262,1700,1472,1986,2020,1924,1558,1984,2266,1884,1542,2170,2358,2026,1350,1810,1834,1664,1130,1622,1750,1604,1210,1582,1832,1274,1058,1368,626
"467","Wilson",150,248,238,280,330,304,252,314,358,298,230,300,338,270,178,238,228,218,134,218,202,192,172,206,222,206,152,144,62
"468","Winchester",464,616,500,598,768,790,502,554,814,688,552,648,854,708,472,468,708,574,430,484,660,620,458,550,758,664,468,542,246
"469","Winston-Salem",1902,2726,2342,3276,3274,3062,2504,2908,3378,2860,2282,2976,3236,2808,1808,2544,2886,2436,1824,2432,2632,2412,1742,2334,2996,2580,1808,2356,928
"470","Wisconsin Rapids-Marshfield",318,376,266,344,510,426,274,280,474,424,276,346,494,354,206,266,424,294,204,246,392,320,204,254,422,286,166,166,130
"471","Wooster",284,326,250,332,486,448,262,352,388,436,248,274,388,380,196,232,298,338,198,204,316,270,190,200,322,340,198,192,90
"472","Worcester",2886,3722,2542,3178,4888,3966,2758,3214,5198,4204,2726,2740,5748,4408,2836,3078,4776,3672,2590,2800,4508,3910,2672,2584,4736,3862,2694,2532,1492
"473","Yakima",484,620,428,594,896,786,532,656,768,702,454,642,792,632,378,466,668,630,422,370,616,720,384,466,606,616,438,430,226
"474","York-Hanover",1640,2126,1716,2182,2552,2384,1772,2220,3004,2604,1922,2380,3090,2574,1894,2140,2494,2178,1774,2160,2560,2308,1766,1470,2004,1816,1584,1394,624
"475","Youngstown-Warren-Boardman",1428,2078,1768,1770,2264,2242,1602,1734,2378,2288,1674,1672,2374,2282,1548,1622,2072,1908,1270,1496,2022,1922,1416,1442,1922,1972,1334,1416,590
"476","Yuba City",556,738,578,646,722,734,656,790,1052,1086,642,740,806,786,576,552,752,726,500,510,810,850,616,670,904,878,686,624,270
"477","Yuma",408,576,616,678,586,586,678,632,594,626,652,666,664,642,702,724,580,530,648,688,592,578,686,710,660,632,630,724,206
"478","Zanesville",260,360,328,370,468,372,268,332,384,358,298,294,374,354,208,306,342,352,244,292,346,318,216,220,362,412,260,230,114
